iter	Logloss
0	0.6762794495
1	0.65647995
2	0.6420345306
3	0.6262336731
4	0.6100716782
5	0.5933036041
6	0.5838951492
7	0.5684503174
8	0.5534937286
9	0.5440577698
